yyyymm,RetEx,signal,signal_RSI,signal_macd
187102,0.0089888503517123,0,0,0
187103,0.0201928155613652,0,0,0
187104,0.0235568341214345,0,0,0
187105,0.0216182746753971,0,0,0
187106,-0.0116039442831683,0,0,0
187107,-0.0219276219011106,0,1,0
187108,0.0089720497987094,0,1,0
187109,0.0058842329800467994,0,1,0
187110,-0.0586938986709229,0,0,0
187111,0.0044056879406981,0,0,0
187112,0.014577131772464301,0,0,0
187201,0.019552069322907997,0,0,0
187202,-0.0011030914784024995,1,0,0
187203,0.026786361118037,1,0,0
187204,0.021747736430591698,1,0,0
187205,-0.0049526628419594,1,0,0
187206,-0.0137196559148308,1,1,0
187207,-0.0102471681960598,1,1,0
187208,-0.0169830236982038,1,1,0
187209,-0.0248760110515913,1,1,0
187210,-0.0035688085404703,1,0,0
187211,-0.0122384604461754,1,0,0
187212,0.0166110737470591,1,1,0
187301,0.001401988104419099,1,1,0
187302,0.0012664373547376,1,1,0
187303,-0.0148744101436745,1,1,0
187304,-0.0217506010076795,1,1,0
187305,-0.0036474319022218003,1,0,0
187306,-0.0185410147018513,1,0,0
187307,-0.0063998678033693,1,0,0
187308,-0.004849352574335,1,0,0
187309,-0.0866359631769153,1,0,0
187310,-0.098961385833066,1,0,0
187311,-0.046139078041123,1,0,0
187312,0.0871881238427519,1,1,1
187401,0.0491688763760495,1,1,1
187402,0.0259757721926143,1,0,1
187403,-0.0187537898632788,1,1,1
187404,-0.031735772646292904,1,1,1
187405,-0.0299032064198293,1,1,0
187406,-0.008206742564073,1,1,1
187407,-0.0037793533739388,1,1,1
187408,-0.0014117527254557997,1,0,1
187409,0.0114083263741915,1,0,1
187410,-0.0061295826423512,1,0,1
187411,0.0050432893962861,1,1,1
187412,-0.0106316976846406,1,1,1
187501,-0.0035136984000473,1,1,1
187502,-0.0056720657428714,1,1,1
187503,0.0092516798985646,1,1,1
187504,0.0094179902330133,1,1,1
187505,-0.0417142037861103,1,0,0
187506,-0.023131375249844398,1,0,0
187507,-0.0005369387231665,1,0,0
187508,0.0012708687057289003,1,0,0
187509,-0.013056268693768202,1,0,0
187510,-0.0203142113482167,1,0,0
187511,0.011924130616738297,1,0,1
187512,-0.0045172838569706,1,0,1
187601,0.016203130000202,1,1,1
187602,0.0098801819595161,1,1,1
187603,-0.0058293980482027,1,1,1
187604,-0.041392194324574694,1,0,0
187605,-0.0402324717504456,1,0,0
187606,-0.0103217666513542,1,0,0
187607,-0.014499271275565901,1,0,0
187608,-0.043759527737190995,1,0,0
187609,-0.0642134354486078,1,0,0
187610,-0.0092436834034627,1,0,0
187611,-0.0227274746741121,1,0,0
187612,-0.0095341501599129,1,0,0
187701,-0.0121149658131133,1,0,1
187702,-0.0621151801152383,1,0,0
187703,-0.0538141783016058,1,0,0
187704,-0.07542690392712821,1,0,0
187705,-0.0025912852962575,1,0,0
187706,-0.0740641325538108,1,0,0
187707,0.041261448392162,1,0,1
187708,0.0663739473080614,1,0,1
187709,0.0579475221213399,1,0,1
187710,0.016615378905493798,1,0,1
187711,-0.019313093235366202,1,1,1
187712,-0.0068542173413457,1,1,1
187801,-0.0039564566898664,1,1,1
187802,-0.0250964357674907,1,1,1
187803,0.015450157091048598,1,1,1
187804,0.0241829070245968,1,1,1
187805,2.0614550738600086e-05,1,1,1
187806,0.0185070053278538,1,0,1
187807,0.0182317461344918,1,0,1
187808,-0.0110717681596538,1,1,1
187809,0.0172410528767264,1,1,1
187810,-0.01502492086029,1,1,0
187811,-0.0062913306556439,1,1,0
187812,-0.0091371803690782,1,1,0
187901,0.0348463570646317,1,1,1
187902,0.0338617706575295,1,1,1
187903,-0.0195459983468158,1,1,0
187904,0.029215427832113505,1,1,1
187905,0.042176863487495,1,1,1
187906,0.0023003742149640995,1,1,1
187907,0.0176845279540658,1,1,1
187908,0.0036832857244702,1,1,0
187909,0.032950235298982396,1,0,1
187910,0.1049818689031535,1,0,1
187911,0.0491671745357242,1,0,1
187912,-0.006058647304092399,1,1,1
188001,0.0350082568160204,0,1,1
188002,0.0140545502328102,0,1,0
188003,0.0155325882099638,0,1,0
188004,-0.0263396904547675,0,1,0
188005,-0.0826200017216446,0,0,0
188006,0.0011957250554754002,0,0,0
188007,0.0430130440803524,0,0,0
188008,0.0325767900187946,0,0,0
188009,-0.0054404806736505,0,0,0
188010,0.0255397615202758,0,0,0
188011,0.0488789278288146,0,1,1
188012,0.0369310712064845,0,1,1
188101,0.0564178084492678,0,1,1
188102,-0.0068406471334393,0,1,1
188103,0.0076101412556915,0,1,0
188104,-0.0066745507761937,0,1,0
188105,0.042380516045178604,0,1,1
188106,0.0100853722529507,0,1,0
188107,-0.037545692591090404,0,1,0
188108,-0.0269143664992322,0,1,0
188109,0.004226128316450901,0,1,0
188110,-0.0202516288830791,0,0,0
188111,0.0022155396334196005,0,0,0
188112,-0.0333307888184589,0,0,0
188201,-0.018673222618143,0,0,0
188202,-0.025635502565773703,0,0,0
188203,-0.0055286070051827,0,0,0
188204,-0.0033734916082713,0,0,0
188205,-0.015329252850433201,0,0,0
188206,-0.0086717078925947,0,0,0
188207,0.0532892259732769,0,1,1
188208,0.0261911294067399,0,1,1
188209,0.005088143739482499,0,1,1
188210,-0.0318051494295422,0,1,1
188211,-0.0472697194115802,0,1,0
188212,0.0011849165832502001,1,0,0
188301,-0.0088351673221752,1,0,0
188302,-0.0259848445091409,1,0,0
188303,0.007976383816098599,1,0,1
188304,0.016942625746846098,1,0,1
188305,-0.0206232665761189,1,0,1
188306,0.0049673302443594,1,0,1
188307,-0.018630788598795498,1,0,1
188308,-0.0491545715240261,1,0,0
188309,0.006901775127075601,1,0,0
188310,-0.0311919202225382,1,0,0
188311,0.0110315006632551,1,0,1
188312,-0.0256762029988273,1,0,0
188401,-0.0332105902426353,1,0,0
188402,0.0238822938684957,1,0,1
188403,-0.006808200691978,1,1,1
188404,-0.048405614111965,1,0,0
188405,-0.0844011595924608,1,0,0
188406,-0.0447428786953267,1,0,0
188407,-0.0040302497381696,1,0,0
188408,0.0590820880374906,1,1,1
188409,-0.0353437506410585,1,1,1
188410,-0.036377919582896594,1,1,1
188411,-0.0237396928413357,1,1,1
188412,-0.0056280663540019,1,1,1
188501,-0.0261419319839272,1,1,1
188502,0.027700126820717,1,1,1
188503,-0.0006497831038318998,1,0,1
188504,-0.0048522524045976,1,1,1
188505,-0.0137967951389412,1,1,1
188506,-0.006888846208522899,1,1,1
188507,0.0349869822708399,1,1,1
188508,0.0536986641175055,1,1,1
188509,-0.0151456561786842,1,1,1
188510,0.0554732308327745,1,1,1
188511,0.0621246756977127,1,1,1
188512,-0.010593838324033,1,1,1
188601,-0.0028200437459974,1,1,1
188602,0.0167132769828148,1,1,1
188603,-0.023250071314595302,1,1,0
188604,-0.016263243832236998,1,1,0
188605,-0.0221668111252395,1,1,0
188606,0.043336137343926405,1,1,0
188607,0.0126910857708196,1,1,0
188608,0.0040352678604542,1,1,0
188609,0.0221438240303857,1,1,1
188610,0.0212969263660473,1,1,1
188611,0.020770649238268,0,0,1
188612,-0.029951744099125703,0,0,0
188701,-0.0143364788931456,0,1,0
188702,-0.0103574677688752,0,1,0
188703,0.019878212522768498,0,1,0
188704,0.0193180602315147,0,1,0
188705,0.0137571981296188,0,1,1
188706,-0.0322387060641173,0,1,0
188707,-0.0286401628272213,0,1,0
188708,-0.0293701446505236,0,0,0
188709,-0.0176048376136188,0,0,0
188710,-0.0378048089165052,0,0,0
188711,0.0153481055892058,0,0,0
188712,-0.009727523620811699,0,0,0
188801,0.0038181587582159,0,0,1
188802,-0.0088682437209587,0,0,1
188803,-0.0413703483643443,0,0,0
188804,0.0003126199015136004,0,0,0
188805,0.010529101903734699,0,0,1
188806,-0.0337235435456422,0,0,0
188807,0.023297784057514998,0,0,1
188808,0.018543837939967802,0,0,1
188809,0.0212260684473664,0,0,1
188810,-0.0089570790915403,0,1,1
188811,-0.0237054808220827,0,1,1
188812,-0.0223910473304473,0,1,0
188901,0.0163843128080598,0,1,1
188902,0.0086746137623736,0,1,1
188903,-0.0237149675189054,0,0,0
188904,-0.00473206740994,0,0,0
188905,0.0245464313032243,0,1,1
188906,0.014414559594789,0,1,1
188907,-0.023219174679858498,0,1,0
188908,0.0097602625132369,0,1,1
188909,0.020672729793469,0,1,1
188910,-0.0222489644441392,0,1,0
188911,-0.0133264055215806,0,1,0
188912,-0.0097410366413079,0,1,0
189001,0.0076907040403712,0,1,0
189002,-0.0145037700506575,0,1,0
189003,-0.0112169780132865,0,1,0
189004,0.0174229452009103,0,1,1
189005,0.039298122491914396,0,1,1
189006,-0.0104466535017093,0,1,1
189007,-0.0105345710848029,0,1,1
189008,-0.0272302987353973,0,1,0
189009,-0.0205185231609717,0,1,0
189010,-0.049106135168905204,0,1,0
189011,-0.07745523979388641,0,0,0
189012,-0.0284031585605923,0,0,0
189101,0.048232214963272596,0,1,1
189102,0.009067478435586699,0,0,1
189103,-0.0218810453388229,0,0,1
189104,0.029875783046101303,0,0,1
189105,-0.0076337742320567,0,1,1
189106,-0.0239002012228256,0,1,1
189107,-0.020266819429933202,0,1,0
189108,0.029660313297640097,0,1,1
189109,0.0772311010808627,0,1,1
189110,-0.0037572154594478,0,1,1
189111,-0.0183828724713106,0,1,1
189112,0.0272724228790165,0,1,1
189201,0.0157749341813557,0,1,1
189202,-0.0005476448138499999,0,1,1
189203,0.0082930385307944,0,1,1
189204,-0.0039922968355911,0,1,0
189205,-0.0019714236905108,0,1,0
189206,-0.0072024546984098,0,1,0
189207,-0.0022001821402507,0,1,0
189208,0.01187866513606,0,1,0
189209,-0.0280262479676797,0,1,0
189210,0.016625708044155398,0,1,0
189211,-0.0070103435782196,0,1,0
189212,-0.0144701738394768,0,1,0
189301,0.014745811499086202,0,1,0
189302,-0.0211323898077575,0,1,0
189303,-0.040955131302104306,0,1,0
189304,-0.0038826636415633,0,1,0
189305,-0.093088559350227,0,0,0
189306,-0.0534104957124345,0,0,0
189307,-0.100943735088931,0,0,0
189308,-0.0313850714603441,0,0,0
189309,0.0653288036089151,0,1,1
189310,0.0257475512340121,0,0,1
189311,0.0126838566757459,0,0,1
189312,-0.037351329851063896,0,0,1
189401,-0.022615724710387,0,1,1
189402,0.0118141549307536,0,1,1
189403,0.027804872569087,0,0,1
189404,0.011376621539801499,0,0,1
189405,-0.0390008244058905,0,0,1
189406,-0.015423304706116499,1,0,1
189407,-0.0225906820021657,1,0,0
189408,0.0357420488764914,1,1,1
189409,0.0138130405245414,1,0,1
189410,-0.032926251497298095,1,1,1
189411,-0.001698389411789,1,1,1
189412,-0.010981393017013,1,1,0
189501,-0.0135550548382729,1,1,0
189502,-0.0164285187715288,1,0,0
189503,-0.0025248715527847,1,0,0
189504,0.0403902798258706,1,1,1
189505,0.0532362776646908,1,1,1
189506,0.0179498353429943,1,1,1
189507,0.0024462401646922005,1,1,1
189508,0.0126303263343256,0,0,1
189509,0.0036496248059529,0,0,1
189510,-0.0176896926497859,0,1,0
189511,-0.036371426785367506,0,0,0
189512,-0.061968262570296,0,0,0
189601,-0.015641220336395402,0,0,0
189602,0.0382276272741855,0,0,0
189603,-0.0192218975642081,0,1,0
189604,0.005603963081616299,0,0,0
189605,-0.0075072753300923,0,1,0
189606,-0.0209575860988336,0,1,0
189607,-0.0681809271182558,0,0,0
189608,-0.062333493505915695,0,0,0
189609,0.0467290519469154,0,0,0
189610,0.0166352280720378,0,1,1
189611,0.0647125707833091,0,1,1
189612,-0.0389217244311357,0,0,1
189701,-0.0020821132629656,0,1,1
189702,-0.0113320277990076,0,1,1
189703,0.0002954726249814999,0,1,1
189704,-0.0332707109525263,0,1,0
189705,0.0026816504051516998,0,0,0
189706,0.0446267209797907,0,0,1
189707,0.042347960112999496,0,1,1
189708,0.0626377567636551,0,1,1
189709,0.0457559742870184,0,1,1
189710,-0.03486000614425849,0,1,1
189711,-0.0374034779403462,0,1,0
189712,0.0193420907279869,0,1,0
189801,0.0253305836186477,0,1,0
189802,-0.0039910867990583,0,1,0
189803,-0.0482454780979078,0,0,0
189804,-0.0210869647168321,0,0,0
189805,0.06257457411296641,0,1,1
189806,0.0369839155874791,0,1,1
189807,0.0016121802379339,0,1,1
189808,0.0350759444807834,0,1,1
189809,-0.004569990856222,0,1,1
189810,-0.023068453839785702,0,1,0
189811,0.0309349747797288,0,1,0
189812,0.0601545824602532,0,1,1
189901,0.0743266329253429,0,1,1
189902,0.035938696031043695,0,1,1
189903,0.011775099456311399,0,1,1
189904,0.0101374731534822,0,0,1
189905,-0.043962779769711496,0,0,0
189906,-0.0246263966768142,0,1,0
189907,0.0322559866857657,0,0,0
189908,0.0226281460410507,0,0,0
189909,-0.0141545051676988,0,0,0
189910,-0.0081789987092129,0,1,0
189911,0.01528829821279,0,1,0
189912,-0.0720900497127165,0,0,0
190001,0.010011475899373401,0,0,0
190002,0.0151463293957756,0,0,0
190003,0.004810865669334601,0,0,0
190004,0.0100037847986393,0,0,1
190005,-0.0496885181387296,0,0,0
190006,-0.0321564720449984,0,0,0
190007,-0.0026134232107485,0,0,0
190008,0.0109203850450721,0,0,1
190009,-0.026411205229512,0,0,0
190010,0.0328407842482831,0,0,1
190011,0.0753165375188493,0,1,1
190012,0.0570404520266537,0,1,1
190101,0.0264986583030796,0,1,1
190102,0.0230971619795077,0,1,1
190103,0.0334552662900175,0,0,1
190104,0.08131900175272071,0,0,1
190105,-0.0529376977503169,0,0,0
190106,0.09706489221448371,0,1,1
190107,-0.06987148797057889,0,1,0
190108,0.010911123989338599,0,0,0
190109,-0.0082600643284168,0,1,0
190110,-0.014320940110228102,0,1,0
190111,0.018369187309689,0,1,0
190112,-0.0193740488611986,0,0,0
190201,0.0184233972609684,0,1,0
190202,0.006029404358914799,0,1,0
190203,-0.0016211804394872002,0,0,0
190204,0.031200849535302003,0,1,1
190205,-0.005340879018302,0,1,0
190206,-0.0088261401934251,0,1,0
190207,0.019543350004024698,0,1,0
190208,0.0235330391445073,0,1,1
190209,-0.0015143477114247,0,1,1
190210,-0.0356612885124352,0,1,0
190211,-0.0423890813778526,0,0,0
190212,-0.0271253986895056,0,0,0
190301,0.0475139095813804,0,0,1
190302,-0.0091213123866379,0,1,0
190303,-0.043018354562999406,0,1,0
190304,-0.0443331446439722,0,1,0
190305,-0.0224995718682088,0,1,0
190306,-0.0586514081126686,0,1,0
190307,-0.0496149079773386,0,0,0
190308,-0.0361396587545071,0,0,0
190309,-0.0281998762774041,0,0,0
190310,-0.0364065735210484,0,0,0
190311,-0.0008501201689165004,0,0,1
190312,0.0422218872591782,0,0,1
190401,0.013502106046102,0,0,1
190402,-0.0301129788574534,0,0,1
190403,-0.006170001101642101,0,1,1
190404,0.0220557968994518,0,1,1
190405,-0.0236165882070125,0,1,1
190406,-0.0007650308694137,0,0,1
190407,0.0392301964086477,0,1,1
190408,0.0314205701965144,1,1,1
190409,0.041402495483674605,1,1,1
190410,0.0558567119094368,1,1,1
190411,0.051506332128045,1,0,1
190412,0.0069940158331202994,1,0,1
190501,0.019249034436415097,1,0,1
190502,0.041425028840780906,1,0,1
190503,0.0258694607466455,1,0,1
190504,-0.0147238435143633,0,1,0
190505,-0.0517935289237333,1,0,0
190506,0.009357903206853299,0,0,0
190507,0.028715511882987696,0,0,0
190508,0.0344651872317133,0,0,0
190509,0.0001382743211768996,0,0,0
190510,0.0107921877871157,0,0,0
190511,-0.009099095801328,0,1,0
190512,0.0207776792190357,0,1,0
190601,0.0312250826651125,0,1,0
190602,-0.0104435522753404,0,1,0
190603,-0.0280256322329057,0,1,0
190604,-0.0172522315516561,0,1,0
190605,-0.030076488210423698,0,1,0
190606,0.0095581970247894,0,1,0
190607,-0.0294751154143872,0,0,0
190608,0.0699138058355873,0,1,1
190609,0.026352089542823198,0,1,1
190610,-0.0341987945996534,0,1,0
190611,0.0163033557006823,0,1,1
190612,-0.013315072991840501,0,1,0
190701,-0.0326331203876215,0,1,0
190702,-0.0354036235714147,0,1,0
190703,-0.10247211197820849,0,0,0
190704,0.0007675487283374006,0,0,0
190705,-0.0382410013899854,0,0,0
190706,-0.035752670623922095,0,0,0
190707,0.0343826424808858,0,0,1
190708,-0.0791902038216541,0,0,0
190709,-0.015289039940296699,0,0,0
190710,-0.1136037020084213,0,0,0
190711,-0.0637244991251471,0,0,0
190712,0.0457824409537306,0,0,1
190801,0.0382039868368334,0,0,1
190802,-0.0398698419732347,0,0,1
190803,0.03707808240134,0,0,1
190804,0.0509266174821299,0,0,1
190805,0.0513203938476415,1,1,1
190806,-0.0010150143328510998,1,1,1
190807,0.0342424119841863,1,1,1
190808,0.040633179826248006,1,0,1
190809,-0.013435513939685,1,1,1
190810,0.0096043409555438,1,1,1
190811,0.0651012079863494,1,1,1
190812,0.0201694609013387,1,1,1
190901,0.0009375943752040999,1,1,1
190902,-0.0309420297131618,1,1,0
190903,0.0114140435816218,1,0,0
190904,0.0426207292726127,1,1,0
190905,0.0310837583493475,1,0,1
190906,0.015615329751893798,1,0,0
190907,0.012151945888936401,1,0,0
190908,0.0215240666997128,0,0,0
190909,-0.0017417945120835998,0,0,0
190910,0.0005740633817839002,0,0,0
190911,-0.008253697836187901,0,1,0
190912,0.008377431121015199,0,1,0
191001,-0.0245039564595023,0,0,0
191002,-0.0386302604230772,0,0,0
191003,0.021731107486917898,0,0,0
191004,-0.0272411187007,0,0,0
191005,-0.0196056385083256,0,0,0
191006,-0.0513873361523623,0,0,0
191007,-0.0541590799122919,0,0,0
191008,0.0206590296685622,0,0,0
191009,0.003059342081653,0,0,0
191010,0.042273255832592206,0,0,1
191011,-0.0047711423941958,0,0,1
191012,-0.0310052796728457,0,0,1
191101,0.021725486273766102,0,1,1
191102,0.014624417299787501,0,1,1
191103,-0.0141823915056425,0,1,1
191104,-0.006624855120758701,0,1,1
191105,0.0192408524252256,0,1,1
191106,0.017687046551139698,0,1,1
191107,-0.0065654452435581,1,1,1
191108,-0.050498885649819705,1,1,0
191109,-0.057508015496975304,1,0,0
191110,0.002910072417279,0,0,0
191111,0.037590605211623294,0,0,1
191112,0.0013613411339208005,1,0,1
191201,-0.00141979740712,0,0,1
191202,-0.011178732500061,0,0,1
191203,0.0260295698588691,0,1,1
191204,0.0284882001350425,0,1,1
191205,-0.0037742449556038998,0,1,1
191206,-0.0025912852962575,0,1,1
191207,-0.0019311678113172,0,1,1
191208,0.019611347307259,1,1,1
191209,0.0013543831094379997,1,1,1
191210,-0.006043888694431799,1,1,0
191211,-0.0150393875156901,1,1,0
191212,-0.0400383692839039,1,0,0
191301,-0.0117177936357009,1,0,0
191302,-0.038739293698728104,1,0,0
191303,-0.0228421053767169,0,0,0
191304,-0.0048493032668297,0,0,0
191305,-0.0308912457145619,0,0,0
191306,-0.0542709922651762,0,0,0
191307,0.009450134547914199,0,0,0
191308,0.0226643239685413,0,0,1
191309,0.0055405161507564,0,0,1
191310,-0.0354692393470939,0,0,1
191311,-0.0291661856633464,0,0,0
191312,-0.0050806238374262,1,0,1
191401,0.0380623876671386,1,1,1
191402,0.010661578708694299,1,1,1
191403,-0.021341140947274198,1,1,1
191404,-0.026437884909130897,1,1,1
191405,0.0036549018296867,1,1,1
191406,-0.0073839358609463,1,1,1
191407,-0.058266528214326596,1,0,0
191408,-0.004318042626552,1,0,0
191409,-0.0045836976004435,1,0,0
191410,-0.0043918356748552,1,0,1
191411,-0.0036981810208053,1,0,1
191412,-0.0458183109653187,1,0,0
191501,0.015206479106129198,1,0,1
191502,-0.015775786632718898,1,0,1
191503,0.0236114890557967,1,0,1
191504,0.072956836959651,1,1,1
191505,-0.0257261881025319,1,1,1
191506,0.008987745089784501,1,1,1
191507,-0.0057691807175657,1,1,1
191508,0.0402024833541131,1,1,1
191509,0.035065773154519496,1,1,1
191510,0.053411552212609,1,1,1
191511,0.0331649654106419,1,1,1
191512,0.00019439634816400013,1,1,1
191601,-0.0177646912813161,1,1,0
191602,-0.0158754541667951,1,1,0
191603,-0.0052027760364068,1,1,0
191604,-0.012847031880131601,1,1,0
191605,0.020108810177101498,1,1,0
191606,0.0073978661513722,1,1,0
191607,-0.0164580362706553,1,1,0
191608,0.005199300569435499,1,1,0
191609,0.0387264466569855,0,1,1
191610,0.028857967140412402,0,1,1
191611,0.0208311514344574,0,1,1
191612,-0.0426815806615016,0,0,0
191701,-0.0257286043339953,0,0,0
191702,-0.0590840313281317,0,0,0
191703,0.028327914983763098,0,0,0
191704,-0.0178354998164689,1,0,0
191705,-0.037009656364894804,1,0,0
191706,0.0169868113087466,1,0,0
191707,-0.0307479452813563,1,0,0
191708,-0.0327533174995818,1,0,0
191709,-0.051527693911018205,1,0,0
191710,-0.057796821481068,1,0,0
191711,-0.08698723852515661,1,0,0
191712,-0.0377890901117144,1,0,0
191801,0.0565442814924413,1,1,1
191802,0.026682167636493,1,0,1
191803,-0.0241670199071836,1,0,1
191804,-0.0136161171342329,1,1,1
191805,0.027921544091897697,1,1,1
191806,-0.0026345085828522003,1,1,1
191807,0.0040750966708102,1,1,1
191808,0.005298035026048101,1,0,1
191809,-0.0093441911172024,1,1,1
191810,0.0383731720400661,1,1,1
191811,0.0214002842730349,1,1,1
191812,-0.0237780560958553,1,1,1
191901,-0.009842812324098,1,1,1
191902,0.00035961278472030006,1,1,1
191903,0.0268472234290365,1,1,1
191904,0.0296416021642523,1,1,1
191905,0.06552028720450051,1,1,1
191906,0.023035533907513103,1,1,1
191907,0.0289267640152868,1,0,1
191908,-0.0709072108560066,1,0,0
191909,0.0121739106597063,1,0,0
191910,0.0474447546549166,1,0,1
191911,-0.0332652348750821,1,0,0
191912,-0.0333583552137153,1,0,0
192001,-0.0138396860986546,1,0,0
192002,-0.0864227066817667,1,0,0
192003,0.0664120370370371,1,1,0
192004,-0.0124488177623991,1,1,0
192005,-0.0673740310077517,1,1,0
192006,-0.022161393713813,1,1,0
192007,-0.0061042929292927,1,1,0
192008,-0.0440492309313106,1,1,0
192009,0.030684649122807203,1,1,1
192010,-0.0035210186361711,1,0,1
192011,-0.0555530879864634,1,0,0
192012,-0.09447219251336911,1,0,0
192101,0.0393278634361234,1,0,1
192102,-0.0114490154711673,1,0,1
192103,-0.0299790840415486,1,0,1
192104,2.713178294579989e-05,1,0,1
192105,0.0260907380607815,1,0,1
192106,-0.0842145131086142,1,0,0
192107,-0.006886768447837,1,0,1
192108,-0.016209481878509402,1,0,1
192109,0.0208478682170542,1,0,1
192110,0.010107400403429001,1,0,1
192111,0.0503730099502486,1,0,1
192112,0.032160764872521196,1,1,1
192201,-0.0046179890560874,1,1,1
192202,0.018742808219177898,1,1,1
192203,0.0345751787310098,1,1,1
192204,0.0580485142118864,1,1,1
192205,0.036268524157531304,1,1,1
192206,-0.012086996873778701,1,1,1
192207,0.0044339250493097004,1,1,0
192208,0.034994486878182594,1,1,1
192209,0.023264231785579598,1,1,1
192210,0.0189833885209712,1,1,0
192211,-0.0527260259179264,1,0,0
192212,-0.005314393939394001,1,0,0
192301,0.010617425968109499,1,0,0
192302,0.039654962546816296,1,1,0
192303,0.012730459770115098,1,0,0
192304,-0.0384363644397313,1,0,0
192305,-0.0505444139194137,1,0,0
192306,-0.0412622837370241,1,0,0
192307,-0.0368314748201437,1,0,0
192308,0.0017461124896606998,1,0,0
192309,0.0028311728395062,1,0,0
192310,-0.0182405930470348,1,0,0
192311,0.026604586965546,1,0,1
192312,0.030623982265215798,1,0,1
192401,0.029615204678362497,1,1,1
192402,0.0015800113250281004,1,1,1
192403,-0.0221407271702366,1,1,1
192404,-0.025805172413792998,1,1,0
192405,-0.005437745098039,1,1,0
192406,0.0168568673750491,1,1,1
192407,0.0447499420625722,1,1,1
192408,0.032746677740863706,1,1,1
192409,-0.0114193076374017,1,1,1
192410,-0.0149813063063061,1,1,0
192411,0.053709802847754604,1,1,1
192412,0.0518002420470263,1,1,1
192501,0.0391635826771652,1,1,1
192502,0.0063232829237554996,1,1,1
192503,-0.0285584661043422,1,1,0
192504,-0.012903769650304701,1,1,0
192505,0.0298261673151752,1,1,0
192506,0.0155243009739242,1,1,0
192507,0.0252277777777776,1,1,1
192508,0.0110051801801802,1,1,0
192509,0.020469444444444398,1,1,1
192510,0.030073103098754904,1,0,1
192511,0.028076920381272703,1,0,1
192512,0.0133882137030997,1,0,1
192601,0.019563576779026298,1,0,1
192602,-0.046606043956044,1,0,0
192603,-0.0617299671592773,1,0,0
192604,0.020120942408377,1,0,0
192605,0.005037514220705299,1,0,0
192606,0.040742075924358,1,0,1
192607,0.0428628787878788,1,0,1
192608,0.0143557453416148,1,0,1
192609,0.0200507633587787,0,0,1
192610,-0.0343266169154229,0,0,0
192611,0.0195503980482793,0,0,0
192612,0.014020415724692202,0,0,0
192701,-0.0234477823078823,0,0,0
192702,0.0449494764067624,0,1,1
192703,0.0038362235067437,1,0,1
192704,0.0144040021536252,1,1,1
192705,0.0494480063514468,1,1,1
192706,-0.0119480046948356,1,1,1
192707,0.06252994809298129,0,1,1
192708,0.0422509535918625,0,1,1
192709,0.0409803002637452,0,1,1
192710,-0.0556588486970049,1,1,0
192711,0.065242390634627,1,1,1
192712,0.0164004568186191,1,0,1
192801,-0.0078545960739901,1,1,0
192802,-0.0204187108708024,0,1,0
192803,0.1056179895712628,0,1,1
192804,0.0293931608294129,0,1,1
192805,0.009408227848101301,0,1,1
192806,-0.043766666666666496,0,1,0
192807,0.0090731804759421,0,1,0
192808,0.07047886429919381,0,1,1
192809,0.0201495008784539,0,0,1
192810,0.010589650600530201,0,0,0
192811,0.1163761992619927,0,1,1
192812,-0.0006669686985172002,0,0,1
192901,0.0532008555783708,0,0,1
192902,-0.009485839160839001,0,1,0
192903,-0.0061779992184445,0,1,0
192904,0.0120595377986683,0,1,0
192905,-0.047032722950398405,0,1,0
192906,0.10836407571486109,0,1,1
192907,0.041827449915519996,0,1,1
192908,0.0940750230840259,0,1,1
192909,-0.052697146010722,0,1,0
192910,-0.2029122236958443,0,0,0
192911,-0.136639078674948,0,0,0
192912,0.0228096080305925,0,0,0
193001,0.059645862470862496,0,0,0
193002,0.0187006581834138,0,0,1
193003,0.0774385738831614,0,0,1
193004,-0.012046539379475,0,0,1
193005,-0.0184741967871485,0,1,1
193006,-0.1661319620253163,0,0,0
193007,0.0351318914956011,0,0,0
193008,0.0062686115040075,0,0,1
193009,-0.1315639096864764,0,0,0
193010,-0.09020739644970399,0,0,0
193011,-0.023008461235733902,0,0,0
193012,-0.0754638704486019,0,0,0
193101,0.047858452846588496,0,0,1
193102,0.1134734099854982,0,1,1
193103,-0.07030783602900159,0,1,1
193104,-0.0971074545636109,0,1,0
193105,-0.1379102717031146,0,0,0
193106,0.1385585637480798,0,1,1
193107,-0.0745156383456955,0,1,1
193108,0.009118317552804,0,0,1
193109,-0.2997977994227993,1,0,0
193110,0.08303235496052161,1,0,0
193111,-0.0992907644824311,1,0,0
193112,-0.1472714912280701,1,0,0
193201,-0.0303917898193758,1,0,0
193202,0.0486804182509505,1,0,1
193203,-0.1200897165259348,1,0,1
193204,-0.20338738030095752,1,0,0
193205,-0.233534491137793,1,0,0
193206,-0.009231879194630801,1,0,0
193207,0.37679183596689236,1,1,1
193208,0.3752931693989074,1,1,1
193209,-0.0369737485101311,1,1,1
193210,-0.13862219471947193,1,1,1
193211,-0.058916379310344734,1,1,1
193212,0.05187506361323136,1,1,1
193301,0.007198560716013567,1,1,1
193302,-0.18444637367915465,1,0,0
193303,0.0324522379269729,1,0,0
193304,0.42184722222222226,1,1,1
193305,0.1584121794871796,1,0,1
193306,0.13168440525587827,1,0,1
193307,-0.0881510006110602,1,1,1
193308,0.11456453098827477,1,1,1
193309,-0.11364920348662454,1,1,0
193310,-0.08857957782299081,1,1,0
193311,0.1024952380952381,1,1,0
193312,0.0220255398110661,1,0,0
193401,0.105340594059406,1,0,0
193402,-0.0372221277230676,1,0,0
193403,-0.0011293680297396,1,1,0
193404,-0.0271017441860464,1,1,0
193405,-0.0813952836201403,0,1,0
193406,0.0206866545265348,0,1,0
193407,-0.1153135830784914,0,0,0
193408,0.0539891321044547,0,0,0
193409,-0.0056394808743169995,0,0,0
193410,-0.0320931318681317,0,0,0
193411,0.08265205259175161,0,1,1
193412,-0.004384538784066899,0,1,1
193501,-0.0422719298245613,0,1,0
193502,-0.039718772893772805,0,1,0
193503,-0.0310174485125857,0,1,0
193504,0.0955066410861863,0,1,1
193505,0.0322025862068965,0,1,1
193506,0.0677246868475992,0,1,1
193507,0.0829639540566959,1,1,1
193508,0.0215273164861613,0,1,1
193509,0.0236849234393404,0,0,1
193510,0.0748980442910556,0,0,1
193511,0.0391925093632956,0,0,1
193512,0.036940637065637,0,0,1
193601,0.06535827748821069,0,0,1
193602,0.0166048218029351,1,0,1
193603,0.0252628865979381,1,0,0
193604,-0.0772444146559427,0,0,0
193605,0.0455849673202615,0,0,0
193606,0.0303888888888888,0,0,0
193607,0.0679342991913746,0,0,1
193608,0.008666140904311401,0,0,0
193609,0.0011174484052534,0,0,0
193610,0.0748448209452424,0,0,1
193611,0.003975736006197933,0,0,0
193612,-0.0058870370370370005,0,1,0
193701,0.037693024835079594,0,1,0
193702,0.0144571648906339,0,1,0
193703,-0.0097141238253176,0,1,0
193704,-0.0836139880952381,0,0,0
193705,-0.0106885930208965,0,0,0
193706,-0.0531905289052891,0,0,0
193707,0.10236406926406921,0,1,1
193708,-0.055600912838633595,0,1,0
193709,-0.1424029717373232,0,1,0
193710,-0.1019108527131783,0,1,0
193711,-0.10120768608414231,0,1,0
193712,-0.050496707170716866,0,1,0
193801,0.013186808846761367,0,0,0
193802,0.06073782351106954,0,0,1
193803,-0.25050758377425036,0,0,0
193804,0.14110147058823522,0,0,1
193805,-0.04437156357388307,0,0,1
193806,0.24699177454153204,1,0,1
193807,0.07260602652825837,0,0,1
193808,-0.0274693548387097,0,1,1
193809,0.014858706467661733,1,1,1
193810,0.07593872549019604,1,1,1
193811,-0.03344259681093384,1,1,1
193812,0.0376812058130401,1,1,1
193901,-0.0689122066616199,1,0,0
193902,0.0324953252032519,1,0,0
193903,-0.1354580708661416,1,0,0
193904,-0.0054894808743169,1,0,0
193905,0.062246062271062205,1,0,0
193906,-0.0638181034482759,1,0,0
193907,0.10862228360957647,1,0,1
193908,-0.07147023809523806,1,1,0
193909,0.1644629397734049,1,1,1
193910,-0.014634600614439268,0,1,1
193911,-0.04914532995583267,0,1,0
193912,0.023737158469945466,0,1,1
194001,-0.03523651587937003,0,1,0
194002,0.006622337482710834,0,1,0
194003,0.009876161033250834,0,0,0
194004,-0.004914625850340167,0,0,0
194005,-0.239590607054963,0,0,0
194006,0.07650782092772396,0,0,0
194007,0.031020457581830235,0,0,0
194008,0.026205733722060465,0,0,1
194009,0.009428030303030332,0,0,1
194010,0.03938295809881173,0,0,1
194011,-0.042435439229843566,0,0,1
194012,-0.0028441878730755665,0,1,1
194101,-0.048220825456836765,1,0,0
194102,-0.014929063224098033,1,0,0
194103,0.003940591397849533,1,0,0
194104,-0.06534437751004014,1,0,0
194105,0.0042047887576081334,1,0,0
194106,0.053375935828876994,1,0,1
194107,0.054722335025380694,1,0,1
194108,-0.0087705085017644,1,0,1
194109,-0.009792071197411033,1,1,1
194110,-0.0687024509803921,1,1,0
194111,-0.042338596491228,1,1,0
194112,-0.0453299450549451,1,1,0
194201,0.0135839758342923,1,0,0
194202,-0.0251799564888384,1,0,0
194203,-0.06772870585952649,1,0,0
194204,-0.043962047440699,1,0,0
194205,0.0636603350739773,1,0,1
194206,0.0180965746421269,1,0,1
194207,0.0310086345381527,1,0,1
194208,0.0066926791277256,1,0,1
194209,0.026365467904099098,1,0,1
194210,0.0640901129943504,1,0,1
194211,-0.0141170912951168,1,1,1
194212,0.0513517940437748,1,1,1
194301,0.071331235073354,1,1,1
194302,0.050304154727793704,1,1,1
194303,0.0524106060606061,1,1,1
194304,0.0005468911917097999,1,1,1
194305,0.0445495973540407,1,0,1
194306,0.0195016652903937,1,0,1
194307,-0.054567678812415595,1,0,0
194308,0.0099573059360732,1,0,0
194309,0.023412146892655198,1,0,0
194310,-0.0135616997792493,1,0,0
194311,-0.0758200223713646,1,0,0
194312,0.0586669993950394,1,0,0
194401,0.0151074978577549,1,0,0
194402,-0.0028483122362867003,1,1,0
194403,0.016603807106598898,0,1,0
194404,-0.012795867997781301,0,1,0
194405,0.040121412524571805,0,1,1
194406,0.0506954790823212,0,1,1
194407,-0.0211178993323059,0,1,0
194408,0.0083379360083923,0,1,0
194409,-0.0034367914716588,0,1,0
194410,-0.0003166666666666,0,1,0
194411,0.0035956964006259,1,1,0
194412,0.0347573785398804,1,1,1
194501,0.0139905622489961,1,1,1
194502,0.061301744617669005,1,1,1
194503,-0.046470512820512795,1,0,0
194504,0.08765987292277609,1,0,1
194505,0.011138858939802399,0,0,1
194506,-0.0036477792582721,0,1,0
194507,-0.020370142602495502,0,1,0
194508,0.057664233742610205,0,1,1
194509,0.041591779497098705,0,1,1
194510,0.0300051155115511,0,1,1
194511,0.0321157657657659,0,1,1
194512,0.0095728039557882,0,1,1
194601,0.0693837941628265,0,0,1
194602,-0.0697835487345179,0,0,0
194603,0.045979629629629405,0,0,0
194604,0.03729395280236,0,0,0
194605,0.0220713930348258,0,0,0
194606,-0.039419899200556,0,0,0
194607,-0.0258185657442574,0,0,0
194608,-0.0732565330363772,0,0,0
194609,-0.10181816816816791,0,0,0
194610,-0.0083380570409981,0,0,0
194611,-0.0117721922731356,0,0,0
194612,0.0426281186094069,0,0,1
194701,0.023212745098039198,0,0,1
194702,-0.015003767560664,0,0,1
194703,-0.0171669583063296,0,1,1
194704,-0.0392092177543395,0,1,0
194705,-0.009232990397805101,0,1,0
194706,0.0522784890426761,0,1,1
194707,0.035610420775805195,0,1,1
194708,-0.0285437817258882,0,1,1
194709,-0.0143742384682332,0,1,1
194710,0.0204696944628282,0,1,1
194711,-0.0292825448260962,0,1,1
194712,0.019888786969090598,0,1,1
194801,-0.040677614379085,0,0,0
194802,-0.047804061719990895,0,0,0
194803,0.0763095238095238,0,1,1
194804,0.025691865605658698,0,1,1
194805,0.07733204134366921,1,1,1
194806,0.002162472538446,0,1,1
194807,-0.053999402628434695,0,0,0
194808,0.0066876445846478,0,0,0
194809,-0.0309646890002086,1,0,0
194810,0.0668523348396813,1,0,1
194811,-0.10917249093107599,1,0,0
194812,0.029541807909604503,1,0,0
194901,0.0003407894736843001,1,0,0
194902,-0.040396813403416595,1,0,0
194903,0.0291207592339261,1,0,1
194904,-0.0222233399734395,1,0,0
194905,-0.0382884328358208,0,0,0
194906,-0.0030891649048623996,0,0,0
194907,0.061296892655367204,1,1,1
194908,0.011101418439716399,1,1,1
194909,0.0227614213753831,1,1,1
194910,0.028650032092426,1,1,1
194911,0.0003468827930174,1,1,1
194912,0.042669883769199,1,0,1
195001,0.0164114359586317,1,0,1
195002,0.00903734115347,1,0,1
195003,0.0031317073170732002,1,0,1
195004,0.044154448621554,1,0,1
195005,0.0383249769415238,1,0,1
195006,-0.0589988019169328,1,0,0
195007,0.0075127002072734005,1,0,0
195008,0.0315112107623319,1,0,0
195009,0.0548341476655807,1,0,1
195010,0.0030214438731790997,1,0,1
195011,-0.0021573988735278,1,0,0
195012,0.0450135229796684,1,1,1
195101,0.0601278213294136,1,1,1
195102,0.005330193905817101,1,1,1
195103,-0.0195152905198777,1,1,0
195104,0.046905841121495304,1,1,1
195105,-0.041862330955565304,1,1,0
195106,-0.027230638166047,1,1,0
195107,0.06740229007633561,1,1,0
195108,0.0379357142857143,1,1,1
195109,-0.0022174398625429,1,1,0
195110,-0.015040856979077,1,1,0
195111,-0.003915518744551099,1,1,0
195112,0.0374569347319348,1,1,0
195201,0.0142575059598934,1,1,0
195202,-0.0377373515603424,1,1,0
195203,0.0463964101461735,1,1,1
195204,-0.0443940945151141,1,1,0
195205,0.021764422527158298,1,0,0
195206,0.0446855965353452,1,0,1
195207,0.0161198717948717,1,0,1
195208,-0.0160919291338581,1,1,0
195209,-0.0210015081901718,1,1,0
195210,-0.0022649959250203,1,1,0
195211,0.0449509923871671,1,1,1
195212,0.0337220901532865,1,1,1
195301,-0.008784255425919,1,1,1
195302,-0.019837269396007,1,1,0
195303,-0.0252271235521234,1,1,0
195304,-0.0283176848556741,1,1,0
195305,-0.0050493907392364,1,1,0
195306,-0.0180582518337407,1,0,0
195307,0.0235692626346313,1,1,1
195308,-0.0594777777777778,1,0,0
195309,-0.00020521726700969988,1,0,0
195310,0.049813597430406704,1,1,1
195311,0.0077649551752242,1,0,1
195312,0.0006860527732902002,1,0,1
195401,0.0502057033454253,1,0,1
195402,0.0018757157464213,1,0,1
195403,0.0293519917144678,1,0,1
195404,0.0481894394951745,1,0,1
195405,0.032275371549893704,1,0,1
195406,0.00015183281945870008,1,0,1
195407,0.056572201300924295,1,0,1
195408,-0.0347692573402417,1,0,0
195409,0.0822961140909601,1,1,1
195410,-0.0203152739090064,1,1,0
195411,0.0800330808080808,1,1,1
195412,0.049859423676012204,1,1,1
195501,0.0170489253288866,1,1,1
195502,0.0025740035490033003,1,1,0
195503,-0.005963293434892899,1,1,0
195504,0.0364005330781849,1,1,0
195505,-0.0025255093080435997,0,1,0
195506,0.0811251846478504,0,1,1
195507,0.059353968640832006,0,1,1
195508,-0.0093958333333334,0,1,0
195509,0.0096228462251042,0,1,0
195510,-0.0323140237386457,0,1,0
195511,0.07300343253031,0,1,0
195512,-0.0027758624478136,0,1,0
195601,-0.0385078935795953,0,1,0
195602,0.0327540240377302,0,1,0
195603,0.0673795213939124,0,1,1
195604,-0.0042293729372935,0,1,0
195605,-0.0679046403472509,0,1,0
195606,0.037084292035398,0,1,0
195607,0.0495972482435597,0,1,1
195608,-0.0402310521698048,0,1,0
195609,-0.0478307794850205,0,1,0
195610,0.0026549981624403004,0,0,0
195611,-0.0134613902296328,0,1,0
195612,0.032595629991126904,0,0,1
195701,-0.0443743964716805,0,0,0
195702,-0.0352309183064997,0,0,0
195703,0.017081969486824,0,0,0
195704,0.0343947385324569,0,1,1
195705,0.0343979667686925,0,0,1
195706,-0.004006688804554,0,1,1
195707,0.0087662866793329,0,1,1
195708,-0.0589552755165935,0,0,0
195709,-0.06486117131062931,0,0,0
195710,-0.0350436822253653,0,0,0
195711,0.013315704659847199,0,0,0
195712,-0.0440002556727388,0,0,0
195801,0.0407273568392099,0,0,1
195802,-0.0218985011990407,0,0,1
195803,0.029768772445315,0,0,1
195804,0.0308873119556612,0,0,1
195805,0.0142048342541437,0,0,1
195806,0.0253913453541997,0,1,1
195807,0.0423451149425285,0,1,1
195808,0.0104585876244968,0,0,1
195809,0.046343630017451995,0,0,1
195810,0.0231778898654946,0,0,1
195811,0.020179052211182498,0,0,1
195812,0.0497114837398374,0,0,1
195901,0.0014536587574715,0,0,1
195902,-0.0024304402742693,0,1,0
195903,-0.00179191481682,0,1,0
195904,0.0363223304473305,0,1,0
195905,0.0165602303640677,0,1,0
195906,-0.006253732106339499,0,1,0
195907,0.032223020352317396,0,1,0
195908,-0.0178555032226076,0,1,0
195909,-0.049004250559284,0,1,0
195910,0.0078767580872011,0,1,0
195911,0.0097544622160408,0,0,0
195912,0.023883590711507703,0,0,0
196001,-0.0750893513107362,0,0,0
196002,0.005871012407840301,0,0,0
196003,-0.0166571216440958,0,0,0
196004,-0.0202196753403204,0,0,0
196005,0.0241113772913986,0,0,0
196006,0.0174735536449938,0,0,1
196007,-0.0266882759428437,0,0,0
196008,0.024204752897375798,0,1,1
196009,-0.0624599250936329,0,0,0
196010,-0.0043456651718983,0,0,0
196011,0.038294713429481105,0,0,1
196012,0.0443979564277997,0,1,1
196101,0.0612894166236449,0,1,1
196102,0.0248528704003454,0,1,1
196103,0.0235442728036992,0,1,1
196104,0.0019342734911362998,0,0,1
196105,0.0172311552595315,0,0,1
196106,-0.030787820512820398,0,0,0
196107,0.0309303630363036,0,0,1
196108,0.017630861793489,0,0,1
196109,-0.0215856177464371,0,0,0
196110,0.026406426394924798,0,1,0
196111,0.0372804624502088,0,1,1
196112,0.0010582351841465997,0,1,0
196201,-0.040142278127183496,0,0,0
196202,0.013994610691458301,0,0,0
196203,-0.008127158376214801,0,0,0
196204,-0.0642448058950395,0,0,0
196205,-0.0882318567341097,0,0,0
196206,-0.0841130010062049,0,0,0
196207,0.061128310502283,0,0,0
196208,0.012934217757170002,0,0,1
196209,-0.0505237032025258,0,0,0
196210,0.0021595314258634,0,0,1
196211,0.09919863765038921,0,0,1
196212,0.011100141878145498,0,0,1
196301,0.0467033676703644,0,0,1
196302,-0.0312852970795568,0,1,1
196303,0.0330559690465078,0,1,1
196304,0.0461036878473787,0,1,1
196305,0.0118849808978032,0,1,1
196306,-0.0226894067796608,0,1,1
196307,-0.006109708807842101,0,1,0
196308,0.0459820676021025,0,1,1
196309,-0.013851149425287201,0,1,0
196310,0.0293425732217573,0,1,1
196311,-0.0134724496689636,0,1,0
196312,0.0215102007374025,0,1,0
196401,0.023992819692526597,0,1,1
196402,0.0069233385254412,0,1,0
196403,0.0122170951156812,0,1,0
196404,0.0031858213049716995,0,1,0
196405,0.0085523030455575,0,0,0
196406,0.013524038820455199,0,0,0
196407,0.015356353286816199,0,0,0
196408,-0.0191465296144907,0,0,0
196409,0.025776407389303202,0,0,0
196410,0.0051029282489903,0,1,0
196411,-0.0082183439390368,0,1,0
196412,0.0007090262970861003,0,1,0
196501,0.029981342182890797,0,1,1
196502,-0.0047596962083142,0,1,0
196503,-0.0178009064394374,0,1,0
196504,0.030963625812441997,0,1,1
196505,-0.010984905360415801,0,1,0
196506,-0.051798197994420404,0,1,0
196507,0.010233190679981002,0,1,0
196508,0.0193219941348974,0,0,0
196509,0.0287397575618523,0,0,1
196510,0.0239871535497258,0,0,1
196511,-0.0121726700569862,0,0,1
196512,0.0053009878834188,0,1,1
196601,0.0010435491723464999,0,1,1
196602,-0.0217475236864771,0,1,0
196603,-0.025640391361543398,0,0,0
196604,0.0166587974896334,0,0,0
196605,-0.058006794055201705,0,0,0
196606,-0.0198883954487402,0,0,0
196607,-0.0174529147982063,0,0,0
196608,-0.08188452950558209,0,0,0
196609,-0.0114788910505835,0,0,0
196610,0.0430860762800417,0,1,1
196611,-0.0013161263507897995,0,0,1
196612,-0.0056249430287963,0,1,1
196701,0.074244184405992,0,1,1
196702,-0.0018371781549474998,0,1,1
196703,0.0358600023046787,0,1,1
196704,0.039039467849224005,0,1,1
196705,-0.0554412296564196,0,1,1
196706,0.0145623484508308,0,0,1
196707,0.041835885554574896,0,0,1
196708,-0.0152733729111696,0,1,1
196709,0.029101801224547804,0,1,1
196710,-0.0328559404404919,0,1,0
196711,-0.0028767039403622004,0,1,0
196712,0.0221349290780142,0,1,0
196801,-0.0480144950070833,0,0,0
196802,-0.03537289679098,0,0,0
196803,0.0050918457176963,0,0,0
196804,0.0774457132298597,0,0,1
196805,0.0064525105031253,0,0,1
196806,0.0045203891366031,0,0,1
196807,-0.0229026059449688,0,1,0
196808,0.0072173061182730005,0,1,0
196809,0.034214348573740595,0,1,1
196810,0.002749224862829,0,0,1
196811,0.04342274683299489,0,1,1
196812,-0.046583350250684295,0,0,0
196901,-0.013300760639322,0,1,0
196902,-0.0524740413552082,0,0,0
196903,0.0294274380923265,0,0,0
196904,0.016384050011492998,0,1,1
196905,-0.0072514835889027005,0,1,0
196906,-0.0609437012694115,0,0,0
196907,-0.06601141131920969,0,0,0
196908,0.0342573832081021,0,0,0
196909,-0.030931891075978,0,0,0
196910,0.038410652920962,0,1,1
196911,-0.041306883312765504,0,0,0
196912,-0.025171394307643,0,1,0
197001,-0.0830301995075676,0,1,0
197002,0.046751817219477895,0,1,1
197003,-0.0040724860335195,0,0,1
197004,-0.0959080971772844,0,0,0
197005,-0.0666666339548576,0,0,0
197006,-0.055599325059873604,0,0,0
197007,0.0679198294829483,0,0,1
197008,0.0391170136664531,0,0,1
197009,0.027898037291462202,0,0,1
197010,-0.0163250712504452,0,1,1
197011,0.0430474474474475,0,1,1
197012,0.052707721712538194,0,1,1
197101,0.036777482365707895,0,1,1
197102,0.005990508969545299,0,1,1
197103,0.0339791989664083,0,1,1
197104,0.0330708420562922,0,0,1
197105,-0.0450084415584416,0,0,0
197106,-0.0032557337147445997,0,0,0
197107,-0.045823971915747296,0,0,0
197108,0.031978750784683097,0,0,0
197109,-0.0108759189134605,0,0,0
197110,-0.0455104433597721,0,0,0
197111,-0.006063626233683599,0,0,0
197112,0.08283771411852339,0,1,1
197201,0.015304598883338301,0,1,1
197202,0.022636392790712702,0,1,1
197203,0.0028032740608677996,0,1,1
197204,0.0012926616915423998,0,1,1
197205,0.0142000069657285,0,0,1
197206,-0.0250788391308316,0,0,0
197207,-0.0009832711094517003,0,0,0
197208,0.031103859763479,0,0,1
197209,-0.0087442569088127,0,1,0
197210,0.0053670511080959,0,1,0
197211,0.0416341608412499,0,1,1
197212,0.007603233479043301,0,1,1
197301,-0.021619726810673298,0,1,0
197302,-0.0421569708983308,0,1,0
197303,-0.0065076647564469995,0,1,0
197304,-0.046016523194643597,0,1,0
197305,-0.0241837991960362,0,0,0
197306,-0.0125662259806256,0,0,0
197307,0.031306968156531695,0,1,1
197308,-0.043909531509887204,0,1,0
197309,0.0331875899280575,0,1,1
197310,-0.0073078222509144,0,1,1
197311,-0.1203859289869795,0,0,0
197312,0.010361070584966001,0,0,0
197401,-0.0165211301896463,0,0,0
197402,-0.0095576473024748,0,0,0
197403,-0.0299133167047737,0,0,0
197404,-0.0459925285521741,0,0,0
197405,-0.0404094350939356,0,0,0
197406,-0.021248777879621098,0,0,0
197407,-0.0840823643410852,0,0,0
197408,-0.09774532005211599,0,0,0
197409,-0.126051386001386,0,0,0
197410,0.1568302329241423,0,1,1
197411,-0.0594049729364006,0,1,1
197412,-0.0261098268305463,0,1,1
197501,0.11759546868922599,0,1,1
197502,0.0553023512600675,0,1,1
197503,0.0171188350288025,0,1,1
197504,0.0425898752399231,0,1,1
197505,0.0397424684994273,0,1,1
197506,0.039872545255073895,0,0,1
197507,-0.0727624986868368,0,0,0
197508,-0.0264370892018778,0,0,0
197509,-0.0399954880294658,1,1,0
197510,0.0566763522912445,0,1,0
197511,0.020141329739442798,1,1,1
197512,-0.0160414438111939,1,1,0
197601,0.114247465535721,0,1,1
197602,-0.015468609954392101,0,1,1
197603,0.0265223314278074,0,1,1
197604,-0.015045426680938,0,1,0
197605,-0.018697756788665802,0,1,0
197606,0.0364179992679843,0,1,0
197607,-0.012413569236670498,0,1,0
197608,-0.009407076566125199,0,1,0
197609,0.0184078094127555,0,1,0
197610,-0.0263348916761686,0,1,0
197611,-0.0117328717201167,0,1,0
197612,0.048872551420176304,0,1,1
197701,-0.0543804299274147,0,1,0
197702,-0.0255519626580418,0,1,0
197703,-0.0178585787751284,0,1,0
197704,-0.0035801226038069,0,1,0
197705,-0.027700988757957297,0,0,0
197706,0.041176633374948,0,0,1
197707,-0.0205471337579618,0,1,0
197708,-0.025616982802225498,0,1,0
197709,-0.0073217741379902005,0,1,0
197710,-0.048539528298629,0,1,0
197711,0.021882228719948,0,1,1
197712,-0.0022111330802490003,0,0,1
197801,-0.0668808622502627,0,0,0
197802,-0.0301369047619046,0,0,0
197803,0.0196893995098037,0,0,1
197804,0.0801747664686323,0,0,1
197805,-0.0011074417363763998,0,0,1
197806,-0.023193689153983198,0,1,1
197807,0.0480680998988102,0,1,1
197808,0.0200237187127532,0,1,1
197809,-0.0138027761641978,0,1,1
197810,-0.0982323532280085,0,0,0
197811,0.0094398282340312,0,0,0
197812,0.0073224568813797,0,0,0
197901,0.0319544575659836,1,0,1
197902,-0.0442922345641949,1,0,0
197903,0.047251641046946305,1,0,1
197904,-0.006209940282836299,0,0,1
197905,-0.034344811320754697,0,0,0
197906,0.031105631812676497,1,1,1
197907,0.0010455057817511,0,0,1
197908,0.0451444048421796,0,1,1
197909,-0.00855,0,0,1
197910,-0.0783559275521404,1,0,0
197911,0.032799238852877693,1,0,0
197912,0.006733810600351598,1,0,0
198001,0.0476246062627385,1,0,1
198002,-0.015096484466246101,1,1,1
198003,-0.11446149334271791,1,0,0
198004,0.0301401704378489,1,0,0
198005,0.039420702794242105,1,0,1
198006,0.0210770496224379,1,0,1
198007,0.0583218487394959,1,0,1
198008,-0.0017728767704996004,0,0,1
198009,0.0166091776978808,0,0,1
198010,0.0063377092300335,1,0,1
198011,0.0909353632227192,1,0,1
198012,-0.046782514944492,1,1,0
198101,-0.0582591534079747,0,0,0
198102,0.0009517271323812009,0,0,0
198103,0.024899271222162803,1,1,0
198104,-0.0348642156862744,1,1,0
198105,-0.0152398351027783,1,0,0
198106,-0.0226830247379138,1,1,0
198107,-0.0146685307268247,0,1,0
198108,-0.0750239917506872,0,1,0
198109,-0.0660817452561282,0,0,0
198110,0.0378645406553048,0,1,0
198111,0.0275403683649192,0,1,1
198112,-0.0391168546365914,0,1,0
198201,-0.027777192982455998,0,1,0
198202,-0.0717815060908084,0,1,0
198203,-0.0207337606459788,0,1,0
198204,0.029430957484816,0,1,1
198205,-0.0492368000687049,0,1,0
198206,-0.030681262662376196,0,1,0
198207,-0.0324489363805004,0,1,0
198208,0.1087438820929437,1,1,1
198209,0.0010144255710818999,1,1,1
198210,0.1039387269556552,1,1,1
198211,0.029397952658738895,1,1,1
198212,0.008541410422982499,1,1,1
198301,0.0265842434584758,1,0,1
198302,0.012236849047946599,1,0,1
198303,0.0261363580080148,1,0,1
198304,0.0680798814504879,1,0,1
198305,-0.019171429874711,1,1,1
198306,0.0278988438327486,1,1,1
198307,-0.040580764578748,1,1,0
198308,0.0035355643044620005,1,1,0
198309,0.0026581508515813,1,1,0
198310,-0.022374324080207002,1,0,0
198311,0.010125863650259699,0,0,0
198312,-0.016334134615384598,0,0,0
198401,-0.016632697710139602,0,1,0
198402,-0.0464343109356831,0,0,0
198403,0.005564692898679901,0,0,0
198404,-0.0026094892574443,0,0,0
198405,-0.067548117775695,0,0,0
198406,0.0092442793091995,0,0,0
198407,-0.0248845671758715,0,0,0
198408,0.0976071385902031,0,0,1
198409,-0.0121213882889368,0,1,1
198410,-0.008176871362632837,0,1,1
198411,-0.0222872885182731,0,1,1
198412,0.0156577067286139,0,1,1
198501,0.0676184804273299,0,1,1
198502,0.0017928515095844994,0,1,1
198503,-0.0100251062420662,0,1,1
198504,-0.0112192654710504,0,1,0
198505,0.047817714878867004,0,1,1
198506,0.006342334916029199,0,1,1
198507,-0.0107475371383893,0,1,0
198508,-0.0179445526922269,0,1,0
198509,-0.0406407296471044,0,1,0
198510,0.0365421206795547,0,1,0
198511,0.059028304007305195,0,1,1
198512,0.0391444205371717,0,1,1
198601,-0.0035251388362993997,0,1,1
198602,0.06560594799634831,0,1,1
198603,0.0473272695222987,0,0,1
198604,-0.0191981791544578,0,1,1
198605,0.0451042798913042,0,1,1
198606,0.0089345613503132,0,1,1
198607,-0.0635411590389624,0,1,0
198608,0.0665842805917895,0,1,0
198609,-0.0897803255841537,0,0,0
198610,0.0504127125482737,0,0,0
198611,0.0170188369265242,0,0,0
198612,-0.0328965927025653,0,0,0
198701,0.1272419405789322,0,1,1
198702,0.0322651926444833,0,1,1
198703,0.0217315329580109,0,1,1
198704,-0.016150119986287098,0,1,0
198705,0.0013174573449855004,0,1,0
198706,0.0431895122371595,0,1,1
198707,0.0434820175438597,0,1,1
198708,0.029925557020021303,0,1,1
198709,-0.029499494643218202,0,1,0
198710,-0.2227387593346383,0,0,0
198711,-0.09009056852932991,0,0,0
198712,0.0680531516862064,0,0,0
198801,0.0355905819977336,0,0,0
198802,0.0371007371533046,0,0,1
198803,-0.038093290269583996,0,0,1
198804,0.0044998522538529,0,0,1
198805,-0.0020406057475222004,0,1,1
198806,0.0378726935204962,0,0,1
198807,-0.0110196678854357,0,1,1
198808,-0.0444834362669411,0,0,0
198809,0.0336959416743143,0,1,1
198810,0.019839473539038803,0,1,1
198811,-0.0253575868372943,0,1,1
198812,0.0079626141761054,0,1,1
198901,0.0642231252100437,0,1,1
198902,-0.0360524285362109,0,1,1
198903,0.0134559267465208,0,1,1
198904,0.0428815367789194,0,1,1
198905,0.0281125791241441,0,1,1
198906,-0.0147162891551227,0,1,1
198907,0.0818036710904248,0,1,1
198908,0.0089333102172909,0,1,1
198909,-0.0130026497368047,0,1,1
198910,-0.031542092701322105,0,1,0
198911,0.0101329758686881,0,1,0
198912,0.015058470620538,0,1,0
199001,-0.0751838709677419,0,0,0
199002,0.0020889570925002,0,0,0
199003,0.017671690921691,0,0,0
199004,-0.0333620977231275,0,0,0
199005,0.0855391172914146,0,0,1
199006,-0.0153279717908258,0,1,1
199007,-0.0115731718898385,0,1,0
199008,-0.1005225267911459,0,1,0
199009,-0.057317609126984095,0,1,0
199010,-0.012673251919621,0,1,0
199011,0.054050877192982495,0,1,1
199012,0.0192110907661433,0,1,1
199101,0.0363344426947691,0,0,1
199102,0.0623311327886488,0,1,1
199103,0.0172778495927208,0,1,1
199104,-0.0043618699251994995,0,0,1
199105,0.0340273278273611,0,0,1
199106,-0.0525343378310201,0,0,0
199107,0.0402093598448108,0,0,1
199108,0.0152071304246926,0,0,1
199109,-0.0234937169663404,0,0,0
199110,0.0077016161329687,0,0,0
199111,-0.0477280436222797,0,0,0
199112,0.1081962017838423,0,1,1
199201,-0.023066448488335597,0,1,1
199202,0.0063648132292862996,0,1,1
199203,-0.0251985057749777,0,1,0
199204,0.0247676899353464,0,1,0
199205,-0.0020610284371612,0,1,0
199206,-0.0204088539785723,0,0,0
199207,0.0366987443034252,0,0,1
199208,-0.0266058817173884,0,1,0
199209,0.006680620365674,0,0,0
199210,-0.0002770623902984999,0,0,0
199211,0.0276534417693703,0,0,1
199212,0.0074244677562689005,0,0,1
199301,0.004545970943976499,0,0,1
199302,0.008041946989379802,0,0,1
199303,0.016238946652232203,0,0,1
199304,-0.027808453258647402,0,0,0
199305,0.0202507962470752,0,0,0
199306,-0.0018030966554862002,0,0,0
199307,-0.0078603925746712,0,0,0
199308,0.0319153061983502,0,1,1
199309,-0.0124462529122442,0,1,0
199310,0.016876269075167698,0,1,1
199311,-0.015494006013580301,0,1,0
199312,0.007541166980662,0,1,0
199401,0.030017470611355204,0,1,1
199402,-0.032753390537295,0,1,0
199403,-0.0486631238315422,0,0,0
199404,0.0084639432891404,0,0,0
199405,0.0089693297997381,0,0,0
199406,-0.0302621180258921,0,0,0
199407,0.027859017601908797,0,0,1
199408,0.0339098745226405,0,0,1
199409,-0.0307480021030494,0,0,1
199410,0.0167087835793479,0,0,1
199411,-0.043912937969725896,0,0,0
199412,0.0076324803279772,0,0,0
199501,0.0195193246891808,0,0,1
199502,0.031265813174043006,0,0,1
199503,0.022554243521615003,0,0,1
199504,0.0232519630458083,0,0,1
199505,0.0315867095063239,0,0,1
199506,0.0167202568428947,0,0,1
199507,0.027259377390240203,0,0,1
199508,-0.0048202505070631,0,1,1
199509,0.0356975297216485,0,1,1
199510,-0.0093793809140842,0,1,0
199511,0.0365823445113213,0,1,1
199512,0.013160543964847702,0,1,1
199601,0.0284506762132062,0,1,1
199602,0.0029087442218797,0,1,0
199603,0.0037832227305614006,0,1,0
199604,0.009306448489543,0,0,0
199605,0.0186700534010019,0,0,0
199606,-0.0019849713055954004,0,0,0
199607,-0.0500396946403628,0,0,0
199608,0.014605636508060502,0,0,0
199609,0.049930943342689195,0,0,1
199610,0.021972524649236498,0,0,1
199611,0.0691844871467666,0,0,1
199612,-0.0255970430107526,0,1,1
199701,0.0571253946503946,0,1,1
199702,0.0017525465554086997,0,1,1
199703,-0.0468973289328377,0,1,0
199704,0.0541055367709215,0,1,1
199705,0.054368550386436,0,1,1
199706,0.0393443002310559,0,1,1
199707,0.0739149014091931,0,1,1
199708,-0.061729183127421,0,1,0
199709,0.049028523741759006,0,1,1
199710,-0.0386193290262645,0,1,0
199711,0.0403034896095281,0,1,0
199712,0.011431630730583899,0,1,0
199801,0.005950139628824301,0,0,0
199802,0.0662075927286082,0,1,1
199803,0.0457540134751368,0,1,1
199804,0.0049514692534603,0,0,1
199805,-0.0229928416160707,0,1,0
199806,0.035288220788031,0,1,0
199807,-0.0157487288035935,0,1,0
199808,-0.1498800442294937,0,0,0
199809,0.058553870689174906,0,0,0
199810,0.0769941957306222,0,1,1
199811,0.0554510342049932,0,0,1
199812,0.0527169749691338,0,0,1
199901,0.0373927457297116,0,0,1
199902,-0.0359825169578945,0,1,0
199903,0.0350941824877051,0,1,1
199904,0.034368981902562996,0,1,1
199905,-0.0287204159738762,0,1,0
199906,0.0506300001024192,0,1,1
199907,-0.0358377652599601,0,1,0
199908,-0.0101874726553876,0,1,0
199909,-0.0324517377178301,0,1,0
199910,0.058489467221741406,0,1,0
199911,0.0148368740507582,0,1,1
199912,0.0535105874390708,0,1,1
200001,-0.0553368555385399,0,1,0
200002,-0.024733142219927402,0,1,0
200003,0.091978229119402,0,1,1
200004,-0.0355124867096404,0,1,0
200005,-0.0267399976246705,0,1,0
200006,0.0191918825378947,0,1,0
200007,-0.021307928869333997,0,1,0
200008,0.0556240348259401,0,1,1
200009,-0.0584829476569501,0,1,0
200010,-0.010041162319324701,0,1,0
200011,-0.0852102269017303,0,1,0
200012,-0.0007549472730269003,0,0,0
200101,0.0303449255713434,0,0,1
200102,-0.096357352679214,0,0,0
200103,-0.067888052916539,0,0,0
200104,0.0735893545370714,0,0,1
200105,0.0020735322992867,0,0,1
200106,-0.0279119166494135,0,0,1
200107,-0.0136974473628329,0,0,1
200108,-0.066908385690579,0,0,0
200109,-0.0839233896152013,0,0,0
200110,0.016299025880454,0,0,0
200111,0.0736176465870275,0,1,1
200112,0.0061654961458012005,0,0,1
200201,-0.0169488276078321,0,0,1
200202,-0.0221995693977467,0,0,1
200203,0.0352471946635584,0,1,1
200204,-0.0628426522368157,0,1,1
200205,-0.010523121185108,0,0,1
200206,-0.0738813854477077,0,1,0
200207,-0.0803949586284235,0,0,0
200208,0.0035314198898663,0,0,0
200209,-0.1113717602548569,0,0,0
200210,0.0851188348113352,0,0,1
200211,0.056044635115606804,0,0,1
200212,-0.0613242488242852,0,0,1
200301,-0.0283896984610488,0,0,1
200302,-0.0179786227649877,0,1,1
200303,0.0074159389922528,0,1,1
200304,0.0801024513271555,0,1,1
200305,0.050006994067094294,0,1,1
200306,0.010565954053764301,0,1,1
200307,0.015463276415839798,0,1,1
200308,0.0170815245562837,0,0,1
200309,-0.0127276592824805,0,1,1
200310,0.054194828157474596,0,1,1
200311,0.006353513100665301,0,1,1
200312,0.0500154507654506,0,1,1
200401,0.0165430894308943,0,1,1
200402,0.0114340299081449,0,1,1
200403,-0.0171422691727658,0,1,0
200404,-0.017574162752358197,0,1,0
200405,0.0112334462205365,0,1,0
200406,0.016930744726416,0,0,0
200407,-0.035398856106027,0,0,0
200408,0.0010539992012489,0,0,0
200409,0.00798890639716,0,0,0
200410,0.0125475808525784,0,0,0
200411,0.0368699389488584,0,0,1
200412,0.030633128162750697,0,0,1
200501,-0.027232114881070198,0,0,0
200502,0.0167867169797477,0,0,0
200503,-0.0214009803921568,0,1,0
200504,-0.0224252564395767,0,1,0
200505,0.027585358228523,0,1,0
200506,-0.0026176772975241,0,1,0
200507,0.0332848702710418,0,1,1
200508,-0.014088692627223402,0,1,0
200509,0.0040989400408087,0,1,0
200510,-0.020832407708813,0,1,0
200511,0.031952787742714,0,1,1
200512,-0.0041940628634845,0,1,0
200601,0.021933505301919703,0,1,1
200602,-0.0032385699852091002,0,1,1
200603,0.0073375078735442,0,1,1
200604,0.0083223270804533,0,1,1
200605,-0.0348502346235721,0,0,0
200606,-0.0039050586310154078,0,0,0
200607,0.0009608132577547,0,0,0
200608,0.0171409291954525,0,0,1
200609,0.020557941152408398,0,0,1
200610,0.0274080285960251,0,0,1
200611,0.012349942909947701,0,0,1
200612,0.0085740848165943,0,0,1
200701,0.0099090848198547,0,0,1
200702,-0.0260378119553528,0,0,0
200703,0.005863288124991,0,0,0
200704,0.039232349774080494,0,0,1
200705,0.028607561933480297,0,1,1
200706,-0.0216579763973639,0,1,0
200707,-0.0359985737408675,0,1,0
200708,0.0093635923230739,0,0,0
200709,0.0325523346494889,0,1,1
200710,0.011572335025380801,0,0,1
200711,-0.0467684238211413,0,0,0
200712,-0.0111284888666838,0,0,0
200801,-0.0634551415638307,0,0,0
200802,-0.0365278287572689,0,0,0
200803,-0.0070095830546433,0,0,0
200804,0.0464716848113705,0,1,1
200805,0.00923248658213,0,1,1
200806,-0.08751238163926929,0,0,0
200807,-0.0112177083333331,0,0,0
200808,0.010757169909577,0,0,1
200809,-0.09173311993794961,0,0,0
200810,-0.16998286778238839,0,0,0
200811,-0.0750073655913978,0,0,0
200812,0.0077965656520574,0,0,0
200901,-0.0857656817972137,0,0,0
200902,-0.1101812248752845,0,0,0
200903,0.0852295082915015,0,0,1
200904,0.09379174218022139,0,0,1
200905,0.0529314266564316,0,0,1
200906,4.583523728700001e-05,0,0,1
200907,0.0739917569507896,0,0,1
200908,0.033418506703933294,0,0,1
200909,0.0356233838255177,0,0,1
200910,-0.019820319181140335,0,1,1
200911,0.05732233028369963,0,1,1
200912,0.017728931071620633,0,1,1
201001,-0.0370242623979911,0,1,0
201002,0.02842202679716053,0,1,1
201003,0.0586713675542557,0,1,1
201004,0.0146259938602566,0,0,1
201005,-0.0821092495372281,0,0,0
201006,-0.0539823766993143,0,0,0
201007,0.06864449942272799,0,0,0
201008,-0.0475824981844589,0,0,0
201009,0.0874261040378147,0,0,1
201010,0.0367476077812828,0,1,1
201011,-0.0024069494447543,0,1,1
201012,0.0651834053336723,0,1,1
201101,0.0225205901529847,0,1,1
201102,0.0318482492561607,0,1,1
201103,-0.0011306352124491332,0,1,0
201104,0.0284453576250348,0,1,0
201105,-0.013534261017935032,0,1,0
201106,-0.018290841510556034,0,1,0
201107,-0.021507769970115533,0,1,0
201108,-0.056807764571145364,0,1,0
201109,-0.07177034631235524,0,0,0
201110,0.10770637163917894,0,1,1
201111,-0.005066978510066634,0,1,0
201112,0.008524418318684166,0,1,1
201201,0.0435580152671756,0,1,1
201202,0.0405144499432342,0,1,1
201203,0.03126570987835103,0,1,1
201204,-0.007564163950953766,0,1,1
201205,-0.0627256713593866,0,0,0
201206,0.0394799212793724,0,1,0
201207,0.012514305710537967,0,0,0
201208,0.019680028323134965,0,0,1
201209,0.024144423708569833,0,0,1
201210,-0.019872736874741035,0,0,0
201211,0.0027717029231815,0,1,0
201212,0.007009977192164667,0,0,0
201301,0.05036973024865777,0,1,1
201302,0.010977269693146767,0,0,1
201303,0.0359127994031743,0,1,1
201304,0.0180357639928879,0,0,1
201305,0.020729450144073066,0,0,1
201306,-0.015040992126273967,0,1,0
201307,0.04942877788015387,0,1,1
201308,-0.03133134665693794,0,1,0
201309,0.029732808216521633,0,1,0
201310,0.04455409319774413,0,1,1
201311,0.027991127538608065,0,1,1
201312,0.023504499965850766,0,1,1
201401,-0.035616228440347036,0,0,0
201402,0.04307537090226403,0,0,0
201403,0.006890490691691834,0,0,0
201404,0.0061757968638175,0,0,0
201405,0.0210052821200136,0,0,0
201406,0.019024980115098466,0,0,0
201407,-0.0151048630772919,0,1,0
201408,0.0376303217276902,0,1,0
201409,-0.015530525814003366,0,1,0
201410,0.023184789508642133,0,1,0
201411,0.024516917734116333,0,1,1
201412,-0.0042135120625277,0,1,0
201501,-0.0310658519112147,0,1,0
201502,0.05487584434788723,0,1,1
201503,-0.0174211069137562,0,1,0
201504,0.008504153063458033,0,1,0
201505,0.010474715726650133,0,1,0
201506,-0.02102833904256717,0,1,0
201507,0.0197170296967214,0,1,0
201508,-0.06263915150053613,0,0,0
201509,-0.02645949823989377,0,0,0
201510,0.08296645109372744,0,1,1
201511,0.0004048692607241,0,0,1
201512,-0.017721851842981,0,0,1
201601,-0.050951983747101304,0,1,0
201602,-0.0043866885883532,0,1,0
201603,0.0657494420522745,0,1,1
201604,0.0025077031567093,0,0,1
201605,0.015099650171887701,0,1,1
201606,0.0006858467059302001,0,0,1
201607,0.0353598072286859,0,1,1
201608,-0.0014691755612808,0,1,1
201609,-0.00147614926645,0,1,1
201610,-0.019700625037472202,0,1,0
201611,0.0337994467699831,0,1,1
201612,0.017775754044233,0,1,1
201701,0.017459393634175,0,1,1
201702,0.0367648270039457,0,1,1
201703,-0.0010058638547511,0,1,1
201704,0.0084245418826516,0,1,1
201705,0.0108345847246747,0,1,1
201706,0.0039971084241888,0,1,0
201707,0.018457159451363902,0,1,1
201708,-0.0002952338555811,0,1,0
201709,0.0184446451999103,0,0,0
201710,0.021296468663683,0,0,1
201711,0.0026950430103365,0,0,0
201712,0.0332425573644229,0,0,1
201801,0.0550036823765925,0,0,1
201802,-0.0402557129374851,0,0,0
201803,-0.028301180435030902,0,0,0
201804,0.0012521343345187,0,0,0
201805,0.0200583533165913,0,0,0
201806,0.0032590668707127997,0,0,0
201807,0.0343882531320854,0,0,1
201808,0.0285715519649374,0,0,1
201809,0.0025193009181396003,0,0,1
201810,-0.0712783589798146,0,0,0
201811,0.0159177151324735,0,0,0
201812,-0.0937519557672173,0,0,0
201901,0.07670944382392239,0,0,1
201902,0.0277372224596856,0,0,1
201903,0.015924256211817103,0,0,1
201904,0.0373301650623493,0,0,1
201905,-0.0677360645226201,0,0,0
201906,0.0671218305922788,0,0,1
201907,0.0113781521499777,0,0,1
201908,-0.019716627281326702,0,0,0
201909,0.0156061778292085,0,0,1
201910,0.019056770730503,0,0,1
201911,0.032763704088552795,0,1,1
201912,0.0273064856313836,0,1,1
